{
    "__comment": "JimStoneCraft - 2019",
    "ambientocclusion": false,
    "textures": {
        "particle": "blocks/rail_activator_particle",
        "rails": "blocks/rail_rails",
        "sleepers": "blocks/rail_sleepers",
        "activator": "blocks/rail_activator_powered"
    },
    "elements": [
        {   "from": [ 2.001, 1, -0.12 ],
            "to": [ 4.499, 1.45, 22.85 ],
            "shade": false,
            "rotation": {
                "origin": [ 0, 1.19, 0 ],
                "axis": "x",
                "angle": -45
            },
            "faces": {
                "down":  { "uv": [ 6.5, 0, 9,   16 ], "texture": "#rails" },
                "up":    { "uv": [ 2,   0, 4.5, 16 ], "texture": "#rails" },
                "north": { "uv": [ 0.5, 0, 1,    2.5 ], "texture": "#rails", "rotation": 90 },
                "south": { "uv": [ 0.5, 0, 1,    2.5 ], "texture": "#rails", "rotation": 90 },
                "west":  { "uv": [ 1,   0, 1.5, 16 ], "texture": "#rails", "rotation": 270 },
                "east":  { "uv": [ 1,   0, 1.5, 16 ], "texture": "#rails", "rotation": 90 }
            },
            "__comment": "Left Rail"
        },
        {   "from": [ 2.501, 1.5, -0.12 ],
            "to": [ 3.999, 2, 22.65 ],
            "shade": false,
            "rotation": {
                "origin": [ 0, 2, 0 ],
                "axis": "x",
                "angle": -45
            },
            "faces": {
                "down":  { "uv": [ 2.5, 0, 4,   16 ], "texture": "#rails" },
                "up":    { "uv": [ 2.5, 0, 4,   16 ], "texture": "#rails" },
                "north": { "uv": [ 0,   0, 0.5,  1.5 ], "texture": "#rails", "rotation": 90 },
                "south": { "uv": [ 0,   0, 0.5,  1.5 ], "texture": "#rails", "rotation": 90 },
                "west":  { "uv": [ 2.5, 0, 3,   16 ], "texture": "#rails", "rotation": 270 },
                "east":  { "uv": [ 3.5, 0, 4,   16 ], "texture": "#rails", "rotation": 90 }
            },
            "__comment": "Left Rail Top"
        },
        {   "from": [ 11.501, 1, -0.12 ],
            "to": [ 13.999, 1.5, 22.85 ],
            "shade": false,
            "rotation": {
                "origin": [ 0, 1.19, 0 ],
                "axis": "x",
                "angle": -45
            },
            "faces": {
                "down":  { "uv": [  6.5, 0,  9,   16 ], "texture": "#rails" },
                "up":    { "uv": [ 11.5, 0, 14,   16 ], "texture": "#rails" },
                "north": { "uv": [  0.5, 0,  1,    2.5 ], "texture": "#rails", "rotation": 90 },
                "south": { "uv": [  0.5, 0,  1,    2.5 ], "texture": "#rails", "rotation": 90 },
                "west":  { "uv": [  1,   0,  1.5, 16 ], "texture": "#rails", "rotation": 270 },
                "east":  { "uv": [  1,   0,  1.5, 16 ], "texture": "#rails", "rotation": 90 }
            },
            "__comment": "Right Rail"
        },
        {   "from": [ 12.001, 1.5, -0.12 ],
            "to": [ 13.499, 2, 22.65 ],
            "shade": false,
            "rotation": {
                "origin": [ 0, 2, 0 ],
                "axis": "x",
                "angle": -45
            },
            "faces": {
                "down":  { "uv": [ 12, 0, 13.5, 16 ], "texture": "#rails" },
                "up":    { "uv": [ 12, 0, 13.5, 16 ], "texture": "#rails" },
                "north": { "uv": [  0, 0,  0.5,  1.5 ], "texture": "#rails", "rotation": 90 },
                "south": { "uv": [  0, 0,  0.5,  1.5 ], "texture": "#rails", "rotation": 90 },
                "west":  { "uv": [ 12, 0, 12.5, 16 ], "texture": "#rails", "rotation": 270 },
                "east":  { "uv": [ 13, 0, 13.5, 16 ], "texture": "#rails", "rotation": 90 }
            },
            "__comment": "Right Rail Top"
        },
        {   "from": [  1, 0, 0.5 ],
            "to":   [ 15, 1, 3 ],
            "shade": false,
            "rotation": {
                "origin": [ 0, 1.19, 0 ],
                "axis": "x",
                "angle": -45
            },
            "faces": {
                "down":  { "uv": [  1, 0.5, 15, 3 ], "texture": "#sleepers" },
                "up":    { "uv": [  1, 0.5, 15, 3 ], "texture": "#sleepers" },
                "north": { "uv": [  1, 3,   15, 4  ], "texture": "#sleepers" },
                "south": { "uv": [  1, 0,   15, 1 ], "texture": "#sleepers" },
                "west":  { "uv": [  1, 0.5,  2, 3 ], "texture": "#sleepers", "rotation": 270 },
                "east":  { "uv": [ 14, 0.5, 15, 3 ], "texture": "#sleepers", "rotation": 90 }
            },
            "__comment": "Sleeper 1"
        },
        {   "from": [ 0.5, 0, 1 ],
            "to":   [ 1, 1, 2.5 ],
            "shade": false,
            "rotation": {
                "origin": [ 0, 1.19, 0 ],
                "axis": "x",
                "angle": -45
            },
            "faces": {
                "down":  { "uv": [ 0.5, 1, 1,   2.5 ], "texture": "#sleepers" },
                "up":    { "uv": [ 0.5, 1, 1,   2.5 ], "texture": "#sleepers" },
                "north": { "uv": [ 0.5, 1, 1,   2 ], "texture": "#sleepers" },
                "south": { "uv": [ 0.5, 1, 1,   2 ], "texture": "#sleepers" },
                "west":  { "uv": [ 0.5, 1, 1.5, 2.5 ], "texture": "#sleepers", "rotation": 270 }
            },
            "__comment": "Sleeper Chunks 1-1"
        },
        {   "from": [ 15, 0, 1 ],
            "to":   [ 15.5, 1, 2.5 ],
            "shade": false,
            "rotation": {
                "origin": [ 0, 1.19, 0 ],
                "axis": "x",
                "angle": -45
            },
            "faces": {
                "down":  { "uv": [ 15,   1, 15.5, 2.5 ], "texture": "#sleepers" },
                "up":    { "uv": [ 15,   1, 15.5, 2.5 ], "texture": "#sleepers" },
                "north": { "uv": [ 15,   1, 15.2, 2 ], "texture": "#sleepers" },
                "south": { "uv": [ 15,   1, 15.5, 2 ], "texture": "#sleepers" },
                "east":  { "uv": [ 14.5, 1, 15.5, 2.5 ], "texture": "#sleepers", "rotation": 90 }
            },
            "__comment": "Sleeper Chunks 1-2"
        },
        {   "from": [  1, 0, 5 ],
            "to":   [ 15, 1, 7.5 ],
            "shade": false,
            "rotation": {
                "origin": [ 0, 1.19, 0 ],
                "axis": "x",
                "angle": -45
            },
            "faces": {
                "down":  { "uv": [  1, 4.5, 15, 7 ], "texture": "#sleepers" },
                "up":    { "uv": [  1, 4.5, 15, 7 ], "texture": "#sleepers" },
                "north": { "uv": [  1, 7,   15, 8 ], "texture": "#sleepers" },
                "south": { "uv": [  1, 4,   15, 5 ], "texture": "#sleepers" },
                "west":  { "uv": [  1, 4.5,  2, 7 ], "texture": "#sleepers", "rotation": 270 },
                "east":  { "uv": [ 14, 4.5, 15, 7 ], "texture": "#sleepers", "rotation": 90 }
            },
            "__comment": "Sleeper 2"
        },
        {   "from": [ 0.5, 0, 5.5 ],
            "to":   [ 1, 1, 7 ],
            "shade": false,
            "rotation": {
                "origin": [ 0, 1.19, 0 ],
                "axis": "x",
                "angle": -45
            },
            "faces": {
                "down":  { "uv": [ 0.5, 5, 1,   6.5 ], "texture": "#sleepers" },
                "up":    { "uv": [ 0.5, 5, 1,   6.5 ], "texture": "#sleepers" },
                "north": { "uv": [ 0.5, 5, 1,   6 ], "texture": "#sleepers" },
                "south": { "uv": [ 0.5, 5, 1,   6 ], "texture": "#sleepers" },
                "west":  { "uv": [ 0.5, 5, 1.5, 6.5 ], "texture": "#sleepers", "rotation": 270 }
            },
            "__comment": "Sleeper Chunks 2-1"
        },
        {   "from": [ 15, 0, 5.5 ],
            "to":   [ 15.5, 1, 7 ],
            "shade": false,
            "rotation": {
                "origin": [ 0, 1.19, 0 ],
                "axis": "x",
                "angle": -45
            },
            "faces": {
                "down":  { "uv": [ 15,   5, 15.5, 6.5 ], "texture": "#sleepers" },
                "up":    { "uv": [ 15,   5, 15.5, 6.5 ], "texture": "#sleepers" },
                "north": { "uv": [ 15,   5, 15.5, 6 ], "texture": "#sleepers" },
                "south": { "uv": [ 15,   5, 15.5, 6 ], "texture": "#sleepers" },
                "east":  { "uv": [ 14.5, 5, 15.5, 6.5 ], "texture": "#sleepers", "rotation": 90 }
            },
            "__comment": "Sleeper Chunks 2-2"
        },
        {   "from": [  1, 0, 9.5 ],
            "to":   [ 15, 1, 12 ],
            "shade": false,
            "rotation": {
                "origin": [ 0, 1.19, 0 ],
                "axis": "x",
                "angle": -45
            },
            "faces": {
                "down":  { "uv": [  1,  8.5, 15, 11 ], "texture": "#sleepers" },
                "up":    { "uv": [  1,  8.5, 15, 11 ], "texture": "#sleepers" },
                "north": { "uv": [  1, 11,   15, 12 ], "texture": "#sleepers" },
                "south": { "uv": [  1,  8,   15,  9 ], "texture": "#sleepers" },
                "west":  { "uv": [  1,  8.5,  2, 11 ], "texture": "#sleepers", "rotation": 270 },
                "east":  { "uv": [ 14,  8.5, 15, 11 ], "texture": "#sleepers", "rotation": 90 }
            },
            "__comment": "Sleeper 3"
        },
        {   "from": [ 0.5, 0, 10 ],
            "to":   [ 1, 1, 11.5 ],
            "shade": false,
            "rotation": {
                "origin": [ 0, 1.19, 0 ],
                "axis": "x",
                "angle": -45
            },
            "faces": {
                "down":  { "uv": [ 0.5, 9, 1,   10.5 ], "texture": "#sleepers" },
                "up":    { "uv": [ 0.5, 9, 1,   10.5 ], "texture": "#sleepers" },
                "north": { "uv": [ 0.5, 9, 1,   10 ], "texture": "#sleepers" },
                "south": { "uv": [ 0.5, 9, 1,   10 ], "texture": "#sleepers" },
                "west":  { "uv": [ 0.5, 9, 1.5, 10.5 ], "texture": "#sleepers", "rotation": 270 }
            },
            "__comment": "Sleeper Chunks 3-1"
        },
        {   "from": [ 15, 0, 10 ],
            "to":   [ 15.5, 1, 11.5 ],
            "shade": false,
            "rotation": {
                "origin": [ 0, 1.19, 0 ],
                "axis": "x",
                "angle": -45
            },
            "faces": {
                "down":  { "uv": [ 15,   9, 15.5, 10.5 ], "texture": "#sleepers" },
                "up":    { "uv": [ 15,   9, 15.5, 10.5 ], "texture": "#sleepers" },
                "north": { "uv": [ 15,   9, 15.5, 10 ], "texture": "#sleepers" },
                "south": { "uv": [ 15,   9, 15.5, 10 ], "texture": "#sleepers" },
                "east":  { "uv": [ 14.5, 9, 15.5, 10.5 ], "texture": "#sleepers", "rotation": 90 }
            },
            "__comment": "Sleeper Chunks 3-2"
        },
        {   "from": [  1, 0, 14 ],
            "to":   [ 15, 1, 16.5 ],
            "shade": false,
            "rotation": {
                "origin": [ 0, 1.19, 0 ],
                "axis": "x",
                "angle": -45
            },
            "faces": {
                "down":  { "uv": [  1, 12.5, 15, 15 ], "texture": "#sleepers" },
                "up":    { "uv": [  1, 12.5, 15, 15 ], "texture": "#sleepers" },
                "north": { "uv": [  1, 15,   15, 16 ], "texture": "#sleepers" },
                "south": { "uv": [  1, 12,   15, 13 ], "texture": "#sleepers" },
                "west":  { "uv": [  1, 12.5,  2, 15 ], "texture": "#sleepers", "rotation": 270 },
                "east":  { "uv": [ 14, 12.5, 15, 15 ], "texture": "#sleepers", "rotation": 90 }
            },
            "__comment": "Sleeper 4"
        },
        {   "from": [ 0.5, 0, 14.5 ],
            "to":   [ 1, 1, 16 ],
            "shade": false,
            "rotation": {
                "origin": [ 0, 1.19, 0 ],
                "axis": "x",
                "angle": -45
            },
            "faces": {
                "down":  { "uv": [ 0.5, 13, 1,   14.5 ], "texture": "#sleepers" },
                "up":    { "uv": [ 0.5, 13, 1,   14.5 ], "texture": "#sleepers" },
                "north": { "uv": [ 0.5, 13, 1,   14 ], "texture": "#sleepers" },
                "south": { "uv": [ 0.5, 13, 1,   14 ], "texture": "#sleepers" },
                "west":  { "uv": [ 0.5, 13, 1.5, 14.5 ], "texture": "#sleepers", "rotation": 270 }
            },
            "__comment": "Sleeper Chunks 4-1"
        },
        {   "from": [ 15, 0, 14.5 ],
            "to":   [ 15.5, 1, 16 ],
            "shade": false,
            "rotation": {
                "origin": [ 0, 1.19, 0 ],
                "axis": "x",
                "angle": -45
            },
            "faces": {
                "down":  { "uv": [ 15,   13, 15.5, 14.5 ], "texture": "#sleepers" },
                "up":    { "uv": [ 15,   13, 15.5, 14.5 ], "texture": "#sleepers" },
                "north": { "uv": [ 15,   13, 15.5, 14 ], "texture": "#sleepers" },
                "south": { "uv": [ 15,   13, 15.5, 14 ], "texture": "#sleepers" },
                "east":  { "uv": [ 14.5, 13, 15.5, 14.5 ], "texture": "#sleepers", "rotation": 90 }
            },
            "__comment": "Sleeper Chunks 4-2"
        },
        {   "from": [  1, 0, 18.5 ],
            "to":   [ 15, 1, 21 ],
            "shade": false,
            "rotation": {
                "origin": [ 0, 1.19, 0 ],
                "axis": "x",
                "angle": -45
            },
            "faces": {
                "down":  { "uv": [  1, 4.5, 15, 7 ], "texture": "#sleepers" },
                "up":    { "uv": [  1, 4.5, 15, 7 ], "texture": "#sleepers" },
                "north": { "uv": [  1, 7,   15, 8 ], "texture": "#sleepers" },
                "south": { "uv": [  1, 4,   15, 5 ], "texture": "#sleepers" },
                "west":  { "uv": [  1, 4.5,  2, 7 ], "texture": "#sleepers", "rotation": 270 },
                "east":  { "uv": [ 14, 4.5, 15, 7 ], "texture": "#sleepers", "rotation": 90 }
            },
            "__comment": "Sleeper 5"
        },
        {   "from": [ 0.5, 0, 19 ],
            "to":   [ 1, 1, 20.5 ],
            "shade": false,
            "rotation": {
                "origin": [ 0, 1.19, 0 ],
                "axis": "x",
                "angle": -45
            },
            "faces": {
                "down":  { "uv": [ 0.5, 5, 1,   6.5 ], "texture": "#sleepers" },
                "up":    { "uv": [ 0.5, 5, 1,   6.5 ], "texture": "#sleepers" },
                "north": { "uv": [ 0.5, 5, 1,   6 ], "texture": "#sleepers" },
                "south": { "uv": [ 0.5, 5, 1,   6 ], "texture": "#sleepers" },
                "west":  { "uv": [ 0.5, 5, 1.5, 6.5 ], "texture": "#sleepers", "rotation": 270 }
            },
            "__comment": "Sleeper Chunks 5-1"
        },
        {   "from": [ 15, 0, 19 ],
            "to":   [ 15.5, 1, 20.5 ],
            "shade": false,
            "rotation": {
                "origin": [ 0, 1.19, 0 ],
                "axis": "x",
                "angle": -45
            },
            "faces": {
                "down":  { "uv": [ 15,   5, 15.5, 6.5 ], "texture": "#sleepers" },
                "up":    { "uv": [ 15,   5, 15.5, 6.5 ], "texture": "#sleepers" },
                "north": { "uv": [ 15,   5, 15.5, 6 ], "texture": "#sleepers" },
                "south": { "uv": [ 15,   5, 15.5, 6 ], "texture": "#sleepers" },
                "east":  { "uv": [ 14.5, 5, 15.5, 6.5 ], "texture": "#sleepers", "rotation": 90 }
            },
            "__comment": "Sleeper Chunks 5-2"
        },
        {   "from": [ 4.501, 1, -0.12 ],
            "to":   [ 4.999, 1.45, 22.85 ],
            "shade": false,
            "rotation": {
                "origin": [ 0, 1.19, 0 ],
                "axis": "x",
                "angle": -45
            },
            "faces": {
                "down":  { "uv": [ 3, 0, 3.5, 16 ], "texture": "#activator" },
                "up":    { "uv": [ 3, 0, 3.5, 16 ], "texture": "#activator" },
                "north": { "uv": [ 3, 0, 3.5,  0.5 ], "texture": "#activator" },
                "south": { "uv": [ 3, 0, 3.5,  0.5 ], "texture": "#activator" },
                "west":  { "uv": [ 3, 0, 3.5, 16 ], "texture": "#activator", "rotation": 270 },
                "east":  { "uv": [ 3, 0, 3.5, 16 ], "texture": "#activator", "rotation": 90 }
            },
            "__comment": "Activator Left"
        },
        {   "from": [ 11.001, 1, -0.12 ],
            "to":   [ 11.499, 1.45, 22.85 ],
            "shade": false,
            "rotation": {
                "origin": [ 0, 1.19, 0 ],
                "axis": "x",
                "angle": -45
            },
            "faces": {
                "down":  { "uv": [ 3.5, 0, 4, 16 ], "texture": "#activator" },
                "up":    { "uv": [ 3.5, 0, 4, 16 ], "texture": "#activator" },
                "north": { "uv": [ 3.5, 0, 4,  0.5 ], "texture": "#activator" },
                "south": { "uv": [ 3.5, 0, 4,  0.5 ], "texture": "#activator" },
                "west":  { "uv": [ 3.5, 0, 4, 16 ], "texture": "#activator", "rotation": 270 },
                "east":  { "uv": [ 3.5, 0, 4, 16 ], "texture": "#activator", "rotation": 90 }
            },
            "__comment": "Activator Right"
        },
        {   "from": [ 4.5, 1.7, 8.5 ],
            "to":   [ 6, 2.1, 10.5 ],
            "shade": false,
            "rotation": {
                "origin": [ 0, 2, 0 ],
                "axis": "x",
                "angle": -45
            },
            "faces": {
                "down":  { "uv": [ 0, 2, 1.5, 4 ], "texture": "#activator" },
                "up":    { "uv": [ 0, 0, 1.5, 2 ], "texture": "#activator" },
                "north": { "uv": [ 0, 0, 1,   0.5 ], "texture": "#activator" },
                "south": { "uv": [ 0, 0, 1,   0.5 ], "texture": "#activator" },
                "west":  { "uv": [ 0, 0, 0.5, 2 ], "texture": "#activator", "rotation": 270 },
                "east":  { "uv": [ 0, 0, 0.5, 2 ], "texture": "#activator", "rotation": 90 }
            },
            "__comment": "Activator Top Left"
        },
        {   "from": [ 4.5, 1.7, 11 ],
            "to":   [ 6, 2.1, 13 ],
            "shade": false,
            "rotation": {
                "origin": [ 0, 2, 0 ],
                "axis": "x",
                "angle": -45
            },
            "faces": {
                "down":  { "uv": [ 0, 2, 1.5, 4 ], "texture": "#activator" },
                "up":    { "uv": [ 0, 2, 1.5, 4 ], "texture": "#activator" },
                "north": { "uv": [ 0, 0, 1,   0.5 ], "texture": "#activator" },
                "south": { "uv": [ 0, 0, 1,   0.5 ], "texture": "#activator" },
                "west":  { "uv": [ 0, 0, 0.5, 2 ], "texture": "#activator", "rotation": 270 },
                "east":  { "uv": [ 0, 0, 0.5, 2 ], "texture": "#activator", "rotation": 90 }
            },
            "__comment": "Activator Bottom Left"
        },
        {   "from": [ 10, 1.7, 8.5 ],
            "to":   [ 11.5, 2.1, 10.5 ],
            "shade": false,
            "rotation": {
                "origin": [ 0, 2, 0 ],
                "axis": "x",
                "angle": -45
            },
            "faces": {
                "down":  { "uv": [ 1.5, 0, 3,   2 ], "texture": "#activator" },
                "up":    { "uv": [ 1.5, 0, 3,   2 ], "texture": "#activator" },
                "north": { "uv": [ 0,   0, 1,   0.5 ], "texture": "#activator" },
                "south": { "uv": [ 0,   0, 1,   0.5 ], "texture": "#activator" },
                "west":  { "uv": [ 0,   0, 0.5, 2 ], "texture": "#activator", "rotation": 270 },
                "east":  { "uv": [ 0,   0, 0.5, 2 ], "texture": "#activator", "rotation": 90 }
            },
            "__comment": "Activator Top Right"
        },
        {   "from": [ 10, 1.7, 11 ],
            "to":   [ 11.5, 2.1, 13 ],
            "shade": false,
            "rotation": {
                "origin": [ 0, 2, 0 ],
                "axis": "x",
                "angle": -45
            },
            "faces": {
                "down":  { "uv": [ 1.5, 0, 3,   2 ], "texture": "#activator" },
                "up":    { "uv": [ 1.5, 2, 3,   4 ], "texture": "#activator" },
                "north": { "uv": [ 0,   0, 1,   0.5 ], "texture": "#activator" },
                "south": { "uv": [ 0,   0, 1,   0.5 ], "texture": "#activator" },
                "west":  { "uv": [ 0,   0, 0.5, 2 ], "texture": "#activator", "rotation": 270 },
                "east":  { "uv": [ 0,   0, 0.5, 2 ], "texture": "#activator", "rotation": 90 }
            },
            "__comment": "Activator Bottom Right"
        }
    ]
}
