{
    "__comment": "JimStoneCraft - 2019",
    "ambientocclusion": false,
    "textures": {
        "pane": "#pane",
        "edge": "#edge"
    },
    "display": {
        "gui": {
            "rotation": [ 30, 225, 0 ],
            "translation": [ 0, 0, 0 ],
            "scale":[ 0.6, 0.6, 0.6 ]
        },
        "head": {
            "rotation": [ 0, 0, 0 ],
            "translation": [ 0, 14, -2 ],
            "scale":[ 1, 1, 1 ]
        },
        "ground": {
            "rotation": [ 0, 0, 0 ],
            "translation": [ 0, 2, -2 ],
            "scale":[ 0.3, 0.3, 0.3 ]
        },
        "fixed": {
            "rotation": [ 0, 0, 0 ],
            "translation": [ 0, 0, 1 ],
            "scale":[ 1, 1, 1 ]
        },
        "thirdperson_righthand": {
            "rotation": [ 35, 120, 0 ],
            "translation": [ -1.5, 3.8, 1.5 ],
            "scale": [ 0.45, 0.45, 0.45 ]
        },
        "firstperson_righthand": {
            "rotation": [ 0, -90, 25 ],
            "translation": [ 1.13, 3.2, 1.13],
            "scale": [ 0.45, 0.45, 0.45 ]
        }
    },
    "elements": [
        {   "from": [ 0, 0, 7 ],
            "to": [ 16, 16, 9 ],
            "faces": {
                "down":  { "uv": [ 7, 0,  9, 16 ], "texture": "#edge", "rotation": 90 },
                "up":    { "uv": [ 7, 0,  9, 16 ], "texture": "#edge", "rotation": 90 },
                "north": { "uv": [ 0, 0, 16, 16 ], "texture": "#pane" },
                "south": { "uv": [ 0, 0, 16, 16 ], "texture": "#pane" },
                "west":  { "uv": [ 7, 0,  9, 16 ], "texture": "#edge" },
                "east":  { "uv": [ 7, 0,  9, 16 ], "texture": "#edge" }
            }
        }
    ]
}
