{
    "__comment": "JimStoneCraft - 2018",
    "variants": {
        "normal": [
            { "model": "granite", "weight": 40 },
            { "model": "granite1", "weight": 5 },
            { "model": "granite2", "weight": 20 },
            { "model": "granite3", "weight": 10 },
            { "model": "granite4", "weight": 5 },
            { "model": "granite5", "weight": 5 },
            { "model": "granite6", "weight": 10 },
            { "model": "granite7", "weight": 5 }
        ]
    }
}
