{
    "__comment": "JimStoneCraft - 2019",
    "variants": {
        "snowy=false": [
            { "model": "mycelium", "weight": 60 },
            { "model": "mycelium", "weight": 60, "y": 90 },
            { "model": "mycelium", "weight": 60, "y": 180 },
            { "model": "mycelium", "weight": 60, "y": 270 },
            { "model": "mycelium1", "weight": 5 },
            { "model": "mycelium1", "weight": 5, "y": 90 },
            { "model": "mycelium1", "weight": 5, "y": 180 },
            { "model": "mycelium1", "weight": 5, "y": 270 },
            { "model": "mycelium2", "weight": 10 },
            { "model": "mycelium2", "weight": 10, "y": 90 },
            { "model": "mycelium2", "weight": 10, "y": 180 },
            { "model": "mycelium2", "weight": 10, "y": 270 },
            { "model": "mycelium3", "weight": 15 },
            { "model": "mycelium3", "weight": 15, "y": 90 },
            { "model": "mycelium3", "weight": 15, "y": 180 },
            { "model": "mycelium3", "weight": 15, "y": 270 },
            { "model": "mycelium4", "weight": 10 },
            { "model": "mycelium4", "weight": 10, "y": 90 },
            { "model": "mycelium4", "weight": 10, "y": 180 },
            { "model": "mycelium4", "weight": 10, "y": 270 }
        ],
        "snowy=true":  { "model": "mycelium_snow" }
    }
}
